{"KeyCount":4563,"MouseCount":1127,"BackspaceCount":342,"TotalAccumulatedKeys":4563,"PersonalEmaKpm":52.05255551508453,"PersonalEmaEr":0.012154548712994394,"PersonalVarKpm":5433.347767337183,"PersonalVarEr":0.0003834921762593569,"PersonalEmaDt":140.85885869834314,"PersonalEmaFt":287.18331041401075,"PersonalVarDt":2714.779750905609,"PersonalVarFt":117098.92229654324,"PersonalEmaMj":1.0768469815377797,"PersonalVarMj":14.993105301419677}